date,area,area_type,population,cases,cumulative_cases,deaths,cumulative_deaths,total_tests,cumulative_total_tests,positive_tests,cumulative_positive_tests,reported_cases,cumulative_reported_cases,reported_deaths,cumulative_reported_deaths,reported_tests
2021-01-01,Los Angeles,County,10257557.0,5343.0,847145.0,277.0,12747.0,16109.0,11718899,3478.0,1029142,19734.0,775578.0,195.0,10515.0,141973.0
2021-01-02,Los Angeles,County,10257557.0,14211.0,861356.0,255.0,13002.0,79492.0,11798391,18253.0,1047395,16314.0,791892.0,118.0,10633.0,189690.0
2021-01-03,Los Angeles,County,10257557.0,8366.0,869722.0,280.0,13282.0,42395.0,11840786,8083.0,1055478,276.0,792168.0,0.0,10633.0,152252.0
2021-01-04,Los Angeles,County,10257557.0,22063.0,891785.0,297.0,13579.0,158032.0,11998818,26936.0,1082414,20854.0,813022.0,157.0,10790.0,106999.0
2021-01-05,Los Angeles,County,10257557.0,20139.0,911924.0,284.0,13863.0,147986.0,12146804,25983.0,1108397,10761.0,823783.0,238.0,11028.0,99260.0
2021-01-06,Los Angeles,County,10257557.0,18737.0,930661.0,306.0,14169.0,142656.0,12289460,23883.0,1132280,11269.0,835052.0,257.0,11285.0,98460.0
2021-01-07,Los Angeles,County,10257557.0,15962.0,946623.0,279.0,14448.0,139406.0,12428866,21379.0,1153659,18135.0,853187.0,195.0,11480.0,117438.0
2021-01-08,Los Angeles,County,10257557.0,14922.0,961545.0,288.0,14736.0,129962.0,12558828,20932.0,1174591,18001.0,871188.0,316.0,11796.0,140148.0
2021-01-09,Los Angeles,County,10257557.0,10814.0,972359.0,302.0,15038.0,81925.0,12640753,15212.0,1189803,16761.0,887949.0,215.0,12011.0,221008.0
2021-01-10,Los Angeles,County,10257557.0,5580.0,977939.0,301.0,15339.0,39521.0,12680274,6007.0,1195810,13834.0,901783.0,159.0,12170.0,168816.0
2021-01-11,Los Angeles,County,10257557.0,14615.0,992554.0,300.0,15639.0,148496.0,12828770,19443.0,1215253,12651.0,914434.0,134.0,12304.0,171796.0
2021-01-12,Los Angeles,County,10257557.0,13228.0,1005782.0,292.0,15931.0,124835.0,12953605,17178.0,1232431,11861.0,926295.0,306.0,12610.0,167718.0
2021-01-13,Los Angeles,County,10257557.0,11664.0,1017446.0,260.0,16191.0,123374.0,13076979,16354.0,1248785,11690.0,937985.0,263.0,12873.0,141644.0
2021-01-14,Los Angeles,County,10257557.0,10794.0,1028240.0,280.0,16471.0,124849.0,13201828,16193.0,1264978,16667.0,954652.0,274.0,13147.0,149868.0
2021-01-15,Los Angeles,County,10257557.0,10028.0,1038268.0,300.0,16771.0,114597.0,13316425,15031.0,1280009,14327.0,968979.0,257.0,13404.0,164892.0
2021-01-16,Los Angeles,County,10257557.0,7051.0,1045319.0,250.0,17021.0,63720.0,13380145,10736.0,1290745,13705.0,982684.0,250.0,13654.0,217959.0
2021-01-17,Los Angeles,County,10257557.0,4085.0,1049404.0,267.0,17288.0,37397.0,13417542,4951.0,1295696,10344.0,993028.0,87.0,13741.0,217131.0
2021-01-18,Los Angeles,County,10257557.0,6658.0,1056062.0,249.0,17537.0,88264.0,13505806,8358.0,1304054,9586.0,1002614.0,87.0,13828.0,188829.0
2021-01-19,Los Angeles,County,10257557.0,9508.0,1065570.0,216.0,17753.0,129685.0,13635491,14336.0,1318390,7761.0,1010375.0,186.0,14014.0,134207.0
2021-01-20,Los Angeles,County,10257557.0,8677.0,1074247.0,243.0,17996.0,116521.0,13752012,12931.0,1331321,5233.0,1015608.0,285.0,14299.0,116769.0
2021-01-21,Los Angeles,County,10257557.0,7500.0,1081747.0,219.0,18215.0,111204.0,13863216,11863.0,1343184,7447.0,1023055.0,238.0,14537.0,112652.0
2021-01-22,Los Angeles,County,10257557.0,6666.0,1088413.0,220.0,18435.0,103150.0,13966366,11183.0,1354367,8122.0,1031177.0,240.0,14777.0,121736.0
2021-01-23,Los Angeles,County,10257557.0,4469.0,1092882.0,204.0,18639.0,47644.0,14014010,6914.0,1361281,9784.0,1040961.0,257.0,15034.0,168248.0
2021-01-24,Los Angeles,County,10257557.0,3238.0,1096120.0,166.0,18805.0,31854.0,14045864,4303.0,1365584,7796.0,1048757.0,85.0,15119.0,216552.0
2021-01-25,Los Angeles,County,10257557.0,6418.0,1102538.0,237.0,19042.0,109582.0,14155446,9492.0,1375076,6424.0,1055181.0,44.0,15163.0,184240.0
2021-01-26,Los Angeles,County,10257557.0,5967.0,1108505.0,189.0,19231.0,98229.0,14253675,8930.0,1384006,5311.0,1060492.0,295.0,15458.0,66548.0
2021-01-27,Los Angeles,County,10257557.0,5288.0,1113793.0,166.0,19397.0,94156.0,14347831,8446.0,1392452,6077.0,1066569.0,299.0,15757.0,61563.0
2021-01-28,Los Angeles,County,10257557.0,4812.0,1118605.0,189.0,19586.0,91348.0,14439179,7416.0,1399868,5843.0,1072412.0,210.0,15967.0,82949.0
2021-01-29,Los Angeles,County,10257557.0,3915.0,1122520.0,175.0,19761.0,79246.0,14518425,6341.0,1406209,5917.0,1078329.0,223.0,16190.0,86649.0
2021-01-30,Los Angeles,County,10257557.0,3496.0,1126016.0,184.0,19945.0,45717.0,14564142,6077.0,1412286,6434.0,1084763.0,294.0,16484.0,84763.0
2021-01-31,Los Angeles,County,10257557.0,2398.0,1128414.0,165.0,20110.0,29340.0,14593482,2982.0,1415268,5541.0,1090304.0,125.0,16609.0,107139.0
2021-02-01,Los Angeles,County,10257557.0,4630.0,1133044.0,187.0,20297.0,105552.0,14699034,7028.0,1422296,4037.0,1094341.0,86.0,16695.0,91675.0
2021-02-02,Los Angeles,County,10257557.0,3827.0,1136871.0,153.0,20450.0,87679.0,14786713,5994.0,1428290,3232.0,1097573.0,218.0,16913.0,67207.0
2021-02-03,Los Angeles,County,10257557.0,3385.0,1140256.0,161.0,20611.0,87436.0,14874149,5717.0,1434007,4317.0,1101890.0,250.0,17163.0,36537.0
2021-02-04,Los Angeles,County,10257557.0,3085.0,1143341.0,137.0,20748.0,86659.0,14960808,5277.0,1439284,4433.0,1106323.0,233.0,17396.0,78827.0
2021-02-05,Los Angeles,County,10257557.0,2798.0,1146139.0,164.0,20912.0,82204.0,15043012,5172.0,1444456,4061.0,1110384.0,212.0,17608.0,87887.0
2021-02-06,Los Angeles,County,10257557.0,2099.0,1148238.0,119.0,21031.0,38940.0,15081952,3823.0,1448279,4334.0,1114718.0,185.0,17793.0,80937.0
2021-02-07,Los Angeles,County,10257557.0,1357.0,1149595.0,130.0,21161.0,24289.0,15106241,1808.0,1450087,2833.0,1117551.0,96.0,17889.0,85655.0
2021-02-08,Los Angeles,County,10257557.0,2757.0,1152352.0,150.0,21311.0,94900.0,15201141,4414.0,1454501,2628.0,1120179.0,88.0,17977.0,69225.0
2021-02-09,Los Angeles,County,10257557.0,2097.0,1154449.0,123.0,21434.0,78944.0,15280085,3629.0,1458130,2566.0,1122745.0,221.0,18198.0,51232.0
2021-02-10,Los Angeles,County,10257557.0,1978.0,1156427.0,121.0,21555.0,76466.0,15356551,3522.0,1461652,2692.0,1125437.0,140.0,18338.0,45746.0
2021-02-11,Los Angeles,County,10257557.0,1747.0,1158174.0,146.0,21701.0,75757.0,15432308,3186.0,1464838,3000.0,1128437.0,162.0,18500.0,69818.0
2021-02-12,Los Angeles,County,10257557.0,1629.0,1159803.0,111.0,21812.0,63708.0,15496016,2983.0,1467821,2748.0,1131185.0,137.0,18637.0,79059.0
2021-02-13,Los Angeles,County,10257557.0,1211.0,1161014.0,89.0,21901.0,30315.0,15526331,2287.0,1470108,2567.0,1133752.0,185.0,18822.0,83874.0
2021-02-14,Los Angeles,County,10257557.0,858.0,1161872.0,93.0,21994.0,19644.0,15545975,1183.0,1471291,1698.0,1135450.0,76.0,18898.0,75899.0
2021-02-15,Los Angeles,County,10257557.0,1348.0,1163220.0,91.0,22085.0,56613.0,15602588,2051.0,1473342,1714.0,1137164.0,27.0,18925.0,53930.0
2021-02-16,Los Angeles,County,10257557.0,1388.0,1164608.0,103.0,22188.0,85269.0,15687857,2729.0,1476071,1098.0,1138262.0,119.0,19044.0,55304.0
2021-02-17,Los Angeles,County,10257557.0,1253.0,1165861.0,92.0,22280.0,72825.0,15760682,2379.0,1478450,1524.0,1139786.0,169.0,19213.0,26531.0
2021-02-18,Los Angeles,County,10257557.0,1056.0,1166917.0,101.0,22381.0,71301.0,15831983,1934.0,1480384,2144.0,1141930.0,145.0,19358.0,39162.0
2021-02-19,Los Angeles,County,10257557.0,953.0,1167870.0,99.0,22480.0,64094.0,15896077,1853.0,1482237,1898.0,1143828.0,140.0,19498.0,84722.0
2021-02-20,Los Angeles,County,10257557.0,751.0,1168621.0,70.0,22550.0,28149.0,15924226,1389.0,1483626,1766.0,1145594.0,132.0,19630.0,69763.0
2021-02-21,Los Angeles,County,10257557.0,570.0,1169191.0,80.0,22630.0,20430.0,15944656,841.0,1484467,1162.0,1146756.0,81.0,19711.0,
2021-02-22,Los Angeles,County,10257557.0,1042.0,1170233.0,77.0,22707.0,80681.0,16025337,1832.0,1486299,785.0,1147541.0,19.0,19730.0,60516.0
2021-02-23,Los Angeles,County,10257557.0,861.0,1171094.0,58.0,22765.0,71678.0,16097015,1523.0,1487822,1424.0,1148965.0,157.0,19887.0,41031.0
2021-02-24,Los Angeles,County,10257557.0,874.0,1171968.0,71.0,22836.0,68066.0,16165081,1521.0,1489343,1357.0,1150322.0,930.0,20817.0,46071.0
2021-02-25,Los Angeles,County,10257557.0,762.0,1172730.0,70.0,22906.0,66907.0,16231988,1409.0,1490752,1524.0,1151846.0,114.0,20931.0,64774.0
2021-02-26,Los Angeles,County,10257557.0,747.0,1173477.0,70.0,22976.0,58093.0,16290081,1348.0,1492100,1285.0,1153131.0,139.0,21070.0,75118.0
2021-02-27,Los Angeles,County,10257557.0,577.0,1174054.0,63.0,23039.0,26867.0,16316948,1019.0,1493119,1144.0,1154275.0,88.0,21158.0,66996.0
2021-02-28,Los Angeles,County,10257557.0,502.0,1174556.0,79.0,23118.0,19551.0,16336499,581.0,1493700,866.0,1155141.0,103.0,21261.0,59248.0
2021-03-01,Los Angeles,County,10257557.0,789.0,1175345.0,56.0,23174.0,79624.0,16416123,1272.0,1494972,843.0,1155984.0,32.0,21293.0,63223.0
2021-03-02,Los Angeles,County,10257557.0,660.0,1176005.0,52.0,23226.0,67631.0,16483754,1138.0,1496110,842.0,1156826.0,102.0,21395.0,37546.0
2021-03-03,Los Angeles,County,10257557.0,637.0,1176642.0,47.0,23273.0,61145.0,16544899,1042.0,1497152,1085.0,1157911.0,105.0,21500.0,25710.0
2021-03-04,Los Angeles,County,10257557.0,639.0,1177281.0,47.0,23320.0,61564.0,16606463,1093.0,1498245,1494.0,1159405.0,110.0,21610.0,57961.0
2021-03-05,Los Angeles,County,10257557.0,612.0,1177893.0,42.0,23362.0,56420.0,16662883,1067.0,1499312,1283.0,1160688.0,135.0,21745.0,69012.0
2021-03-06,Los Angeles,County,10257557.0,491.0,1178384.0,37.0,23399.0,22967.0,16685850,760.0,1500072,1057.0,1161745.0,98.0,21843.0,61295.0
2021-03-07,Los Angeles,County,10257557.0,440.0,1178824.0,37.0,23436.0,16758.0,16702608,537.0,1500609,1004.0,1162749.0,14.0,21857.0,52881.0
2021-03-08,Los Angeles,County,10257557.0,725.0,1179549.0,37.0,23473.0,79021.0,16781629,1196.0,1501805,660.0,1163409.0,11.0,21868.0,56083.0
2021-03-09,Los Angeles,County,10257557.0,620.0,1180169.0,34.0,23507.0,65725.0,16847354,890.0,1502695,4558.0,1167967.0,212.0,22080.0,31866.0
2021-03-10,Los Angeles,County,10257557.0,597.0,1180766.0,34.0,23541.0,62719.0,16910073,937.0,1503632,1112.0,1169079.0,119.0,22199.0,18624.0
2021-03-11,Los Angeles,County,10257557.0,546.0,1181312.0,28.0,23569.0,57697.0,16967770,949.0,1504581,1032.0,1170111.0,117.0,22316.0,62756.0
2021-03-12,Los Angeles,County,10257557.0,532.0,1181844.0,39.0,23608.0,52392.0,17020162,913.0,1505494,749.0,1170860.0,93.0,22409.0,78693.0
2021-03-13,Los Angeles,County,10257557.0,395.0,1182239.0,37.0,23645.0,22675.0,17042837,632.0,1506126,645.0,1171505.0,42.0,22451.0,71447.0
2021-03-14,Los Angeles,County,10257557.0,318.0,1182557.0,26.0,23671.0,15385.0,17058222,404.0,1506530,595.0,1172100.0,25.0,22476.0,53951.0
2021-03-15,Los Angeles,County,10257557.0,575.0,1183132.0,15.0,23686.0,72525.0,17130747,839.0,1507369,345.0,1172445.0,1.0,22477.0,53820.0
2021-03-16,Los Angeles,County,10257557.0,571.0,1183703.0,28.0,23714.0,62018.0,17192765,881.0,1508250,231.0,1172676.0,50.0,22527.0,
2021-03-17,Los Angeles,County,10257557.0,533.0,1184236.0,31.0,23745.0,61455.0,17254220,871.0,1509121,740.0,1173416.0,75.0,22602.0,53820.0
2021-03-18,Los Angeles,County,10257557.0,454.0,1184690.0,34.0,23779.0,54103.0,17308323,779.0,1509900,789.0,1174205.0,87.0,22689.0,52855.0
2021-03-19,Los Angeles,County,10257557.0,433.0,1185123.0,26.0,23805.0,51484.0,17359807,813.0,1510713,613.0,1174818.0,63.0,22752.0,77648.0
2021-03-20,Los Angeles,County,10257557.0,340.0,1185463.0,31.0,23836.0,22658.0,17382465,554.0,1511267,472.0,1175290.0,58.0,22810.0,58211.0
2021-03-21,Los Angeles,County,10257557.0,299.0,1185762.0,20.0,23856.0,16010.0,17398475,380.0,1511647,394.0,1175684.0,24.0,22834.0,39590.0
2021-03-22,Los Angeles,County,10257557.0,536.0,1186298.0,20.0,23876.0,79483.0,17477958,844.0,1512491,521.0,1176205.0,9.0,22843.0,58464.0
2021-03-23,Los Angeles,County,10257557.0,517.0,1186815.0,15.0,23891.0,65414.0,17543372,749.0,1513240,367.0,1176572.0,61.0,22904.0,42798.0
2021-03-24,Los Angeles,County,10257557.0,521.0,1187336.0,18.0,23909.0,63750.0,17607122,872.0,1514112,443.0,1177015.0,89.0,22993.0,24836.0
2021-03-25,Los Angeles,County,10257557.0,487.0,1187823.0,20.0,23929.0,59256.0,17666378,804.0,1514916,475.0,1177490.0,58.0,23051.0,49532.0
2021-03-26,Los Angeles,County,10257557.0,438.0,1188261.0,20.0,23949.0,49279.0,17715657,736.0,1515652,723.0,1178213.0,29.0,23080.0,
2021-03-27,Los Angeles,County,10257557.0,336.0,1188597.0,18.0,23967.0,21935.0,17737592,499.0,1516151,618.0,1178831.0,23.0,23103.0,67123.0
2021-03-28,Los Angeles,County,10257557.0,314.0,1188911.0,13.0,23980.0,16560.0,17754152,342.0,1516493,485.0,1179316.0,-2.0,23101.0,56376.0
2021-03-29,Los Angeles,County,10257557.0,553.0,1189464.0,13.0,23993.0,73938.0,17828090,789.0,1517282,420.0,1179736.0,7.0,23108.0,42623.0
2021-03-30,Los Angeles,County,10257557.0,497.0,1189961.0,14.0,24007.0,62202.0,17890292,739.0,1518021,308.0,1180044.0,28.0,23136.0,28583.0
2021-03-31,Los Angeles,County,10257557.0,496.0,1190457.0,12.0,24019.0,55073.0,17945365,767.0,1518788,494.0,1180538.0,35.0,23171.0,24723.0
2021-04-01,Los Angeles,County,10257557.0,470.0,1190927.0,12.0,24031.0,49524.0,17994889,664.0,1519452,563.0,1181101.0,49.0,23220.0,90303.0
2021-04-02,Los Angeles,County,10257557.0,493.0,1191420.0,11.0,24042.0,40729.0,18035618,738.0,1520190,581.0,1181682.0,44.0,23264.0,64826.0
2021-04-03,Los Angeles,County,10257557.0,311.0,1191731.0,7.0,24049.0,21061.0,18056679,469.0,1520659,720.0,1182402.0,37.0,23301.0,55436.0
2021-04-04,Los Angeles,County,10257557.0,307.0,1192038.0,15.0,24064.0,13421.0,18070100,273.0,1520932,470.0,1182872.0,0.0,23301.0,71401.0
2021-04-05,Los Angeles,County,10257557.0,545.0,1192583.0,15.0,24079.0,85900.0,18156000,717.0,1521649,328.0,1183200.0,1.0,23302.0,38506.0
2021-04-06,Los Angeles,County,10257557.0,536.0,1193119.0,9.0,24088.0,71769.0,18227769,793.0,1522442,299.0,1183499.0,21.0,23323.0,24477.0
2021-04-07,Los Angeles,County,10257557.0,512.0,1193631.0,16.0,24104.0,70484.0,18298253,808.0,1523250,363.0,1183862.0,49.0,23372.0,20677.0
2021-04-08,Los Angeles,County,10257557.0,441.0,1194072.0,11.0,24115.0,65837.0,18364090,718.0,1523968,581.0,1184443.0,44.0,23416.0,49903.0
2021-04-09,Los Angeles,County,10257557.0,499.0,1194571.0,12.0,24127.0,61994.0,18426084,752.0,1524720,58.0,1184501.0,42.0,23458.0,72810.0
2021-04-10,Los Angeles,County,10257557.0,369.0,1194940.0,12.0,24139.0,28090.0,18454174,482.0,1525202,745.0,1185246.0,35.0,23493.0,69225.0
2021-04-11,Los Angeles,County,10257557.0,275.0,1195215.0,7.0,24146.0,21685.0,18475859,354.0,1525556,511.0,1185757.0,10.0,23503.0,85409.0
2021-04-12,Los Angeles,County,10257557.0,512.0,1195727.0,5.0,24151.0,95802.0,18571661,682.0,1526238,388.0,1186145.0,2.0,23505.0,61336.0
2021-04-13,Los Angeles,County,10257557.0,503.0,1196230.0,9.0,24160.0,83630.0,18655291,743.0,1526981,337.0,1186482.0,21.0,23526.0,32163.0
2021-04-14,Los Angeles,County,10257557.0,454.0,1196684.0,13.0,24173.0,86597.0,18741888,732.0,1527713,339.0,1186821.0,53.0,23579.0,34896.0
2021-04-15,Los Angeles,County,10257557.0,399.0,1197083.0,10.0,24183.0,81742.0,18823630,660.0,1528373,453.0,1187274.0,19.0,23598.0,58526.0
2021-04-16,Los Angeles,County,10257557.0,405.0,1197488.0,8.0,24191.0,80359.0,18903989,651.0,1529024,544.0,1187818.0,29.0,23627.0,77120.0
2021-04-17,Los Angeles,County,10257557.0,301.0,1197789.0,7.0,24198.0,40291.0,18944280,456.0,1529480,444.0,1188262.0,26.0,23653.0,89005.0
2021-04-18,Los Angeles,County,10257557.0,259.0,1198048.0,10.0,24208.0,25849.0,18970129,291.0,1529771,358.0,1188620.0,-5.0,23648.0,79574.0
2021-04-19,Los Angeles,County,10257557.0,460.0,1198508.0,6.0,24214.0,96974.0,19067103,598.0,1530369,325.0,1188945.0,18.0,23666.0,67432.0
2021-04-20,Los Angeles,County,10257557.0,379.0,1198887.0,5.0,24219.0,89362.0,19156465,570.0,1530939,311.0,1189256.0,28.0,23694.0,56544.0
2021-04-21,Los Angeles,County,10257557.0,347.0,1199234.0,13.0,24232.0,92172.0,19248637,620.0,1531559,274.0,1189530.0,35.0,23729.0,43476.0
2021-04-22,Los Angeles,County,10257557.0,342.0,1199576.0,7.0,24239.0,80419.0,19329056,551.0,1532110,348.0,1189878.0,33.0,23762.0,52538.0
2021-04-23,Los Angeles,County,10257557.0,322.0,1199898.0,6.0,24245.0,73654.0,19402710,519.0,1532629,386.0,1190264.0,23.0,23785.0,81414.0
2021-04-24,Los Angeles,County,10257557.0,270.0,1200168.0,8.0,24253.0,34142.0,19436852,401.0,1533030,339.0,1190603.0,17.0,23802.0,87133.0
2021-04-25,Los Angeles,County,10257557.0,232.0,1200400.0,4.0,24257.0,25923.0,19462775,299.0,1533329,367.0,1190970.0,-3.0,23799.0,76891.0
2021-04-26,Los Angeles,County,10257557.0,336.0,1200736.0,8.0,24265.0,93787.0,19556562,440.0,1533769,283.0,1191253.0,3.0,23802.0,75770.0
2021-04-27,Los Angeles,County,10257557.0,329.0,1201065.0,8.0,24273.0,86316.0,19642878,517.0,1534286,251.0,1191504.0,23.0,23825.0,58513.0
2021-04-28,Los Angeles,County,10257557.0,323.0,1201388.0,4.0,24277.0,84472.0,19727350,465.0,1534751,225.0,1191729.0,33.0,23858.0,43664.0
2021-04-29,Los Angeles,County,10257557.0,302.0,1201690.0,6.0,24283.0,75865.0,19803215,507.0,1535258,339.0,1192068.0,41.0,23899.0,50776.0
2021-04-30,Los Angeles,County,10257557.0,278.0,1201968.0,5.0,24288.0,68041.0,19871256,474.0,1535732,325.0,1192393.0,20.0,23919.0,95564.0
2021-05-01,Los Angeles,County,10257557.0,211.0,1202179.0,5.0,24293.0,21826.0,19893082,314.0,1536046,388.0,1192781.0,27.0,23946.0,82785.0
2021-05-02,Los Angeles,County,10257557.0,170.0,1202349.0,5.0,24298.0,16400.0,19909482,200.0,1536246,275.0,1193056.0,-3.0,23943.0,82490.0
2021-05-03,Los Angeles,County,10257557.0,352.0,1202701.0,5.0,24303.0,94377.0,20003859,472.0,1536718,205.0,1193261.0,-1.0,23942.0,73695.0
2021-05-04,Los Angeles,County,10257557.0,268.0,1202969.0,5.0,24308.0,88547.0,20092406,464.0,1537182,192.0,1193453.0,15.0,23957.0,28083.0
2021-05-05,Los Angeles,County,10257557.0,290.0,1203259.0,9.0,24317.0,86326.0,20178732,419.0,1537601,155.0,1193608.0,20.0,23977.0,23380.0
2021-05-06,Los Angeles,County,10257557.0,267.0,1203526.0,6.0,24323.0,82020.0,20260752,435.0,1538036,346.0,1193954.0,14.0,23991.0,69743.0
2021-05-07,Los Angeles,County,10257557.0,242.0,1203768.0,5.0,24328.0,65046.0,20325798,374.0,1538410,340.0,1194294.0,17.0,24008.0,89085.0
2021-05-08,Los Angeles,County,10257557.0,180.0,1203948.0,9.0,24337.0,21492.0,20347290,239.0,1538649,290.0,1194584.0,14.0,24022.0,97134.0
2021-05-09,Los Angeles,County,10257557.0,154.0,1204102.0,9.0,24346.0,14256.0,20361546,144.0,1538793,236.0,1194820.0,4.0,24026.0,122137.0
2021-05-10,Los Angeles,County,10257557.0,258.0,1204360.0,3.0,24349.0,102727.0,20464273,406.0,1539199,156.0,1194976.0,4.0,24030.0,88945.0
2021-05-11,Los Angeles,County,10257557.0,267.0,1204627.0,10.0,24359.0,95295.0,20559568,380.0,1539579,124.0,1195100.0,18.0,24048.0,51029.0
2021-05-12,Los Angeles,County,10257557.0,237.0,1204864.0,9.0,24368.0,92457.0,20652025,393.0,1539972,218.0,1195318.0,19.0,24067.0,27336.0
2021-05-13,Los Angeles,County,10257557.0,184.0,1205048.0,7.0,24375.0,82581.0,20734606,320.0,1540292,186.0,1195504.0,16.0,24083.0,73974.0
2021-05-14,Los Angeles,County,10257557.0,189.0,1205237.0,5.0,24380.0,72378.0,20806984,341.0,1540633,534.0,1196038.0,18.0,24101.0,98560.0
2021-05-15,Los Angeles,County,10257557.0,135.0,1205372.0,3.0,24383.0,20410.0,20827394,213.0,1540846,217.0,1196255.0,14.0,24115.0,95049.0
2021-05-16,Los Angeles,County,10257557.0,123.0,1205495.0,2.0,24385.0,14499.0,20841893,152.0,1540998,142.0,1196397.0,5.0,24120.0,83521.0
2021-05-17,Los Angeles,County,10257557.0,226.0,1205721.0,4.0,24389.0,101321.0,20943214,334.0,1541332,159.0,1196556.0,3.0,24123.0,75660.0
2021-05-18,Los Angeles,County,10257557.0,181.0,1205902.0,2.0,24391.0,94666.0,21037880,276.0,1541608,112.0,1196668.0,10.0,24133.0,24803.0
2021-05-19,Los Angeles,County,10257557.0,180.0,1206082.0,8.0,24399.0,89808.0,21127688,279.0,1541887,188.0,1196856.0,10.0,24143.0,23469.0
2021-05-20,Los Angeles,County,10257557.0,197.0,1206279.0,7.0,24406.0,82423.0,21210111,264.0,1542151,217.0,1197073.0,25.0,24168.0,76347.0
2021-05-21,Los Angeles,County,10257557.0,156.0,1206435.0,2.0,24408.0,71345.0,21281456,287.0,1542438,190.0,1197263.0,12.0,24180.0,99527.0
2021-05-22,Los Angeles,County,10257557.0,118.0,1206553.0,4.0,24412.0,18258.0,21299714,192.0,1542630,191.0,1197454.0,12.0,24192.0,84093.0
2021-05-23,Los Angeles,County,10257557.0,109.0,1206662.0,6.0,24418.0,14126.0,21313840,132.0,1542762,179.0,1197633.0,5.0,24197.0,73894.0
2021-05-24,Los Angeles,County,10257557.0,189.0,1206851.0,5.0,24423.0,95312.0,21409152,289.0,1543051,149.0,1197782.0,4.0,24201.0,78733.0
2021-05-25,Los Angeles,County,10257557.0,172.0,1207023.0,3.0,24426.0,92633.0,21501785,229.0,1543280,158.0,1197940.0,11.0,24212.0,35263.0
2021-05-26,Los Angeles,County,10257557.0,187.0,1207210.0,2.0,24428.0,83700.0,21585485,264.0,1543544,160.0,1198100.0,9.0,24221.0,22219.0
2021-05-27,Los Angeles,County,10257557.0,168.0,1207378.0,9.0,24437.0,74728.0,21660213,228.0,1543772,3827.0,1201927.0,127.0,24348.0,73994.0
2021-05-28,Los Angeles,County,10257557.0,170.0,1207548.0,3.0,24440.0,65776.0,21725989,231.0,1544003,176.0,1202103.0,9.0,24357.0,96976.0
2021-05-29,Los Angeles,County,10257557.0,111.0,1207659.0,5.0,24445.0,14544.0,21740533,155.0,1544158,161.0,1202264.0,2.0,24359.0,94112.0
2021-05-30,Los Angeles,County,10257557.0,123.0,1207782.0,4.0,24449.0,12890.0,21753423,143.0,1544301,161.0,1202425.0,1.0,24360.0,83791.0
2021-05-31,Los Angeles,County,10257557.0,115.0,1207897.0,4.0,24453.0,17875.0,21771298,112.0,1544413,142.0,1202567.0,4.0,24364.0,68850.0
2021-06-01,Los Angeles,County,10257557.0,243.0,1208140.0,0.0,24453.0,110522.0,21881820,309.0,1544722,106.0,1202673.0,3.0,24367.0,31357.0
2021-06-02,Los Angeles,County,10257557.0,237.0,1208377.0,4.0,24457.0,92566.0,21974386,310.0,1545032,87.0,1202760.0,8.0,24375.0,17013.0
2021-06-03,Los Angeles,County,10257557.0,204.0,1208581.0,3.0,24460.0,81463.0,22055849,272.0,1545304,163.0,1202923.0,11.0,24386.0,18988.0
2021-06-04,Los Angeles,County,10257557.0,172.0,1208753.0,2.0,24462.0,80971.0,22136820,242.0,1545546,183.0,1203106.0,14.0,24400.0,80089.0
2021-06-05,Los Angeles,County,10257557.0,121.0,1208874.0,3.0,24465.0,27170.0,22163990,173.0,1545719,232.0,1203338.0,11.0,24411.0,90893.0
2021-06-06,Los Angeles,County,10257557.0,129.0,1209003.0,6.0,24471.0,13981.0,22177971,128.0,1545847,201.0,1203539.0,-1.0,24410.0,93081.0
2021-06-07,Los Angeles,County,10257557.0,199.0,1209202.0,1.0,24472.0,77622.0,22255593,284.0,1546131,125.0,1203664.0,3.0,24413.0,83492.0
2021-06-08,Los Angeles,County,10257557.0,224.0,1209426.0,1.0,24473.0,62435.0,22318028,264.0,1546395,130.0,1203794.0,13.0,24426.0,33881.0
2021-06-09,Los Angeles,County,10257557.0,198.0,1209624.0,1.0,24474.0,53112.0,22371140,268.0,1546663,161.0,1203955.0,6.0,24432.0,25527.0
2021-06-10,Los Angeles,County,10257557.0,188.0,1209812.0,6.0,24480.0,62968.0,22434108,245.0,1546908,155.0,1204110.0,8.0,24440.0,66430.0
2021-06-11,Los Angeles,County,10257557.0,164.0,1209976.0,5.0,24485.0,55291.0,22489399,260.0,1547168,149.0,1204259.0,-6.0,24434.0,62484.0
2021-06-12,Los Angeles,County,10257557.0,150.0,1210126.0,0.0,24485.0,18076.0,22507475,183.0,1547351,180.0,1204439.0,0.0,24434.0,49360.0
2021-06-13,Los Angeles,County,10257557.0,139.0,1210265.0,3.0,24488.0,14050.0,22521525,115.0,1547466,175.0,1204614.0,-1.0,24433.0,55841.0
2021-06-14,Los Angeles,County,10257557.0,268.0,1210533.0,3.0,24491.0,53080.0,22574605,328.0,1547794,134.0,1204748.0,1.0,24434.0,61518.0
2021-06-15,Los Angeles,County,10257557.0,242.0,1210775.0,0.0,24491.0,43945.0,22618550,252.0,1548046,178.0,1204926.0,1.0,24435.0,23182.0
2021-06-16,Los Angeles,County,10257557.0,225.0,1211000.0,4.0,24495.0,44277.0,22662827,308.0,1548354,176.0,1205102.0,4.0,24439.0,23510.0
2021-06-17,Los Angeles,County,10257557.0,224.0,1211224.0,1.0,24496.0,39993.0,22702820,285.0,1548639,199.0,1205301.0,5.0,24444.0,42732.0
2021-06-18,Los Angeles,County,10257557.0,215.0,1211439.0,4.0,24500.0,42774.0,22745594,305.0,1548944,171.0,1205472.0,7.0,24451.0,46838.0
2021-06-19,Los Angeles,County,10257557.0,166.0,1211605.0,1.0,24501.0,18028.0,22763622,201.0,1549145,130.0,1205602.0,3.0,24454.0,45431.0
2021-06-20,Los Angeles,County,10257557.0,203.0,1211808.0,3.0,24504.0,13310.0,22776932,165.0,1549310,272.0,1205874.0,2.0,24456.0,39503.0
2021-06-21,Los Angeles,County,10257557.0,305.0,1212113.0,2.0,24506.0,54060.0,22830992,380.0,1549690,120.0,1205994.0,3.0,24459.0,36406.0
2021-06-22,Los Angeles,County,10257557.0,295.0,1212408.0,1.0,24507.0,49496.0,22880488,380.0,1550070,152.0,1206146.0,2.0,24461.0,21402.0
2021-06-23,Los Angeles,County,10257557.0,316.0,1212724.0,2.0,24509.0,49199.0,22929687,390.0,1550460,212.0,1206358.0,11.0,24472.0,19313.0
2021-06-24,Los Angeles,County,10257557.0,337.0,1213061.0,4.0,24513.0,42220.0,22971907,439.0,1550899,232.0,1206590.0,8.0,24480.0,45399.0
2021-06-25,Los Angeles,County,10257557.0,325.0,1213386.0,2.0,24515.0,43548.0,23015455,383.0,1551282,319.0,1206909.0,3.0,24483.0,50990.0
2021-06-26,Los Angeles,County,10257557.0,283.0,1213669.0,3.0,24518.0,18021.0,23033476,313.0,1551595,289.0,1207198.0,7.0,24490.0,16971.0
2021-06-27,Los Angeles,County,10257557.0,305.0,1213974.0,2.0,24520.0,13452.0,23046928,236.0,1551831,263.0,1207461.0,3.0,24493.0,45666.0
2021-06-28,Los Angeles,County,10257557.0,552.0,1214526.0,6.0,24526.0,55716.0,23102644,592.0,1552423,253.0,1207714.0,3.0,24496.0,70293.0
2021-06-29,Los Angeles,County,10257557.0,520.0,1215046.0,4.0,24530.0,51852.0,23154496,612.0,1553035,181.0,1207895.0,2.0,24498.0,20875.0
2021-06-30,Los Angeles,County,10257557.0,615.0,1215661.0,7.0,24537.0,51762.0,23206258,658.0,1553693,351.0,1208246.0,1.0,24499.0,2524.0
2021-07-01,Los Angeles,County,10257557.0,674.0,1216335.0,3.0,24540.0,46413.0,23252671,733.0,1554426,459.0,1208705.0,7.0,24506.0,61834.0
2021-07-02,Los Angeles,County,10257557.0,604.0,1216939.0,4.0,24544.0,30851.0,23283522,719.0,1555145,0.0,1208705.0,0.0,24506.0,
2021-07-03,Los Angeles,County,10257557.0,474.0,1217413.0,6.0,24550.0,17514.0,23301036,515.0,1555660,0.0,1208705.0,0.0,24506.0,
2021-07-04,Los Angeles,County,10257557.0,429.0,1217842.0,4.0,24554.0,7364.0,23308400,197.0,1555857,0.0,1208705.0,0.0,24506.0,
2021-07-05,Los Angeles,County,10257557.0,863.0,1218705.0,4.0,24558.0,21337.0,23329737,634.0,1556491,1948.0,1210653.0,16.0,24522.0,175003.0
2021-07-06,Los Angeles,County,10257557.0,1196.0,1219901.0,5.0,24563.0,64951.0,23394688,1203.0,1557694,312.0,1210965.0,3.0,24525.0,17121.0
2021-07-07,Los Angeles,County,10257557.0,1217.0,1221118.0,5.0,24568.0,55581.0,23450269,1339.0,1559033,351.0,1211316.0,6.0,24531.0,13299.0
2021-07-08,Los Angeles,County,10257557.0,1181.0,1222299.0,3.0,24571.0,49163.0,23499432,1472.0,1560505,727.0,1212043.0,11.0,24542.0,22468.0
2021-07-09,Los Angeles,County,10257557.0,1213.0,1223512.0,7.0,24578.0,48801.0,23548233,1511.0,1562016,0.0,1212043.0,0.0,24542.0,
2021-07-10,Los Angeles,County,10257557.0,1005.0,1224517.0,6.0,24584.0,19550.0,23567783,1109.0,1563125,0.0,1212043.0,0.0,24542.0,
2021-07-11,Los Angeles,County,10257557.0,1028.0,1225545.0,4.0,24588.0,13835.0,23581618,825.0,1563950,3139.0,1215182.0,16.0,24558.0,
2021-07-12,Los Angeles,County,10257557.0,1757.0,1227302.0,3.0,24591.0,55267.0,23636885,1852.0,1565802,1048.0,1216230.0,1.0,24559.0,55497.0
2021-07-13,Los Angeles,County,10257557.0,1797.0,1229099.0,4.0,24595.0,56477.0,23693362,1892.0,1567694,954.0,1217184.0,10.0,24569.0,25841.0
2021-07-14,Los Angeles,County,10257557.0,1851.0,1230950.0,5.0,24600.0,57753.0,23751115,2229.0,1569923,1081.0,1218265.0,9.0,24578.0,20182.0
2021-07-15,Los Angeles,County,10257557.0,2016.0,1232966.0,5.0,24605.0,52515.0,23803630,2442.0,1572365,1468.0,1219733.0,4.0,24582.0,40603.0
2021-07-16,Los Angeles,County,10257557.0,1987.0,1234953.0,4.0,24609.0,54608.0,23858238,2561.0,1574926,0.0,1219733.0,0.0,24582.0,
2021-07-17,Los Angeles,County,10257557.0,1502.0,1236455.0,7.0,24616.0,24088.0,23882326,1759.0,1576685,0.0,1219733.0,0.0,24582.0,
2021-07-18,Los Angeles,County,10257557.0,1537.0,1237992.0,4.0,24620.0,17168.0,23899494,1214.0,1577899,4958.0,1224691.0,16.0,24598.0,159452.0
2021-07-19,Los Angeles,County,10257557.0,2689.0,1240681.0,9.0,24629.0,67672.0,23967166,3163.0,1581062,1255.0,1225946.0,2.0,24600.0,43150.0
2021-07-20,Los Angeles,County,10257557.0,2606.0,1243287.0,8.0,24637.0,68457.0,24035623,3114.0,1584176,1458.0,1227404.0,3.0,24603.0,25944.0
2021-07-21,Los Angeles,County,10257557.0,2797.0,1246084.0,6.0,24643.0,72665.0,24108288,3397.0,1587573,2194.0,1229598.0,6.0,24609.0,27132.0
2021-07-22,Los Angeles,County,10257557.0,2512.0,1248596.0,12.0,24655.0,62439.0,24170727,3266.0,1590839,2566.0,1232164.0,14.0,24623.0,55104.0
2021-07-23,Los Angeles,County,10257557.0,2437.0,1251033.0,17.0,24672.0,65529.0,24236256,3360.0,1594199,0.0,1232164.0,0.0,24623.0,
2021-07-24,Los Angeles,County,10257557.0,1941.0,1252974.0,7.0,24679.0,29493.0,24265749,2326.0,1596525,0.0,1232164.0,0.0,24623.0,
2021-07-25,Los Angeles,County,10257557.0,1775.0,1254749.0,8.0,24687.0,18687.0,24284436,1554.0,1598079,7432.0,1239596.0,20.0,24643.0,216713.0
2021-07-26,Los Angeles,County,10257557.0,3419.0,1258168.0,6.0,24693.0,73792.0,24358228,4131.0,1602210,1931.0,1241527.0,4.0,24647.0,52675.0
2021-07-27,Los Angeles,County,10257557.0,3347.0,1261515.0,14.0,24707.0,68747.0,24426975,4103.0,1606313,1809.0,1243336.0,11.0,24658.0,33343.0
2021-07-28,Los Angeles,County,10257557.0,3465.0,1264980.0,5.0,24712.0,72921.0,24499896,4304.0,1610617,2149.0,1245485.0,15.0,24673.0,29757.0
2021-07-29,Los Angeles,County,10257557.0,3177.0,1268157.0,13.0,24725.0,68071.0,24567967,4232.0,1614849,3060.0,1248545.0,18.0,24691.0,49115.0
2021-07-30,Los Angeles,County,10257557.0,3100.0,1271257.0,6.0,24731.0,75636.0,24643603,4281.0,1619130,0.0,1248545.0,0.0,24691.0,
2021-07-31,Los Angeles,County,10257557.0,2332.0,1273589.0,11.0,24742.0,34942.0,24678545,2960.0,1622090,0.0,1248545.0,0.0,24691.0,
2021-08-01,Los Angeles,County,10257557.0,2205.0,1275794.0,10.0,24752.0,22160.0,24700705,1854.0,1623944,9916.0,1258461.0,9.0,24700.0,196013.0
2021-08-02,Los Angeles,County,10257557.0,3691.0,1279485.0,15.0,24767.0,102594.0,24803299,4544.0,1628488,2346.0,1260807.0,5.0,24705.0,76886.0
2021-08-03,Los Angeles,County,10257557.0,3722.0,1283207.0,12.0,24779.0,95982.0,24899281,4792.0,1633280,1871.0,1262678.0,16.0,24721.0,41752.0
2021-08-04,Los Angeles,County,10257557.0,3744.0,1286951.0,19.0,24798.0,116157.0,25015438,4983.0,1638263,3110.0,1265788.0,16.0,24737.0,36445.0
2021-08-05,Los Angeles,County,10257557.0,3495.0,1290446.0,23.0,24821.0,108942.0,25124380,4622.0,1642885,3657.0,1269445.0,19.0,24756.0,75797.0
2021-08-06,Los Angeles,County,10257557.0,3220.0,1293666.0,17.0,24838.0,110490.0,25234870,4654.0,1647539,3636.0,1273081.0,16.0,24772.0,105609.0
2021-08-07,Los Angeles,County,10257557.0,2494.0,1296160.0,23.0,24861.0,49437.0,25284307,3226.0,1650765,3772.0,1276853.0,14.0,24786.0,88774.0
2021-08-08,Los Angeles,County,10257557.0,2038.0,1298198.0,19.0,24880.0,23165.0,25307472,1795.0,1652560,3129.0,1279982.0,7.0,24793.0,116833.0
2021-08-09,Los Angeles,County,10257557.0,4253.0,1302451.0,28.0,24908.0,164080.0,25471552,5206.0,1657766,2909.0,1282891.0,5.0,24798.0,99288.0
2021-08-10,Los Angeles,County,10257557.0,4012.0,1306463.0,25.0,24933.0,138132.0,25609684,4925.0,1662691,2249.0,1285140.0,23.0,24821.0,75062.0
2021-08-11,Los Angeles,County,10257557.0,3757.0,1310220.0,14.0,24947.0,163424.0,25773108,5160.0,1667851,3098.0,1288238.0,30.0,24851.0,41871.0
2021-08-12,Los Angeles,County,10257557.0,3329.0,1313549.0,22.0,24969.0,147613.0,25920721,4830.0,1672681,3637.0,1291875.0,23.0,24874.0,97512.0
2021-08-13,Los Angeles,County,10257557.0,3193.0,1316742.0,31.0,25000.0,136831.0,26057552,4629.0,1677310,3531.0,1295406.0,17.0,24891.0,113907.0
2021-08-14,Los Angeles,County,10257557.0,2324.0,1319066.0,28.0,25028.0,64552.0,26122104,3256.0,1680566,3940.0,1299346.0,20.0,24911.0,130695.0
2021-08-15,Los Angeles,County,10257557.0,1773.0,1320839.0,15.0,25043.0,27923.0,26150027,1778.0,1682344,3536.0,1302882.0,7.0,24918.0,118392.0
2021-08-16,Los Angeles,County,10257557.0,3538.0,1324377.0,28.0,25071.0,178132.0,26328159,4806.0,1687150,2448.0,1305330.0,5.0,24923.0,151885.0
2021-08-17,Los Angeles,County,10257557.0,3382.0,1327759.0,30.0,25101.0,169533.0,26497692,4494.0,1691644,2669.0,1307999.0,29.0,24952.0,107874.0
2021-08-18,Los Angeles,County,10257557.0,3568.0,1331327.0,25.0,25126.0,197479.0,26695171,4634.0,1696278,3478.0,1311477.0,32.0,24984.0,107149.0
2021-08-19,Los Angeles,County,10257557.0,3153.0,1334480.0,31.0,25157.0,190660.0,26885831,4296.0,1700574,2976.0,1314453.0,36.0,25020.0,127047.0
2021-08-20,Los Angeles,County,10257557.0,2984.0,1337464.0,24.0,25181.0,187909.0,27073740,4362.0,1704936,3088.0,1317541.0,29.0,25049.0,111736.0
2021-08-21,Los Angeles,County,10257557.0,1879.0,1339343.0,25.0,25206.0,47763.0,27121503,2575.0,1707511,3767.0,1321308.0,31.0,25080.0,127960.0
2021-08-22,Los Angeles,County,10257557.0,1298.0,1340641.0,14.0,25220.0,26055.0,27147558,1336.0,1708847,2843.0,1324151.0,9.0,25089.0,149086.0
2021-08-23,Los Angeles,County,10257557.0,3322.0,1343963.0,33.0,25253.0,210926.0,27358484,4417.0,1713264,2261.0,1326412.0,7.0,25096.0,144370.0
2021-08-24,Los Angeles,County,10257557.0,2971.0,1346934.0,31.0,25284.0,185101.0,27543585,3852.0,1717116,2365.0,1328777.0,39.0,25135.0,117810.0
2021-08-25,Los Angeles,County,10257557.0,2865.0,1349799.0,28.0,25312.0,210612.0,27754197,3944.0,1721060,2623.0,1331400.0,35.0,25170.0,115830.0
2021-08-26,Los Angeles,County,10257557.0,2599.0,1352398.0,30.0,25342.0,201492.0,27955689,3769.0,1724829,2972.0,1334372.0,29.0,25199.0,138775.0
2021-08-27,Los Angeles,County,10257557.0,2275.0,1354673.0,27.0,25369.0,186820.0,28142509,3372.0,1728201,2634.0,1337006.0,31.0,25230.0,205406.0
2021-08-28,Los Angeles,County,10257557.0,1528.0,1356201.0,27.0,25396.0,43903.0,28186412,2116.0,1730317,91.0,1337097.0,4.0,25234.0,142109.0
2021-08-29,Los Angeles,County,10257557.0,1215.0,1357416.0,31.0,25427.0,25819.0,28212231,1207.0,1731524,5444.0,1342541.0,29.0,25263.0,181975.0
2021-08-30,Los Angeles,County,10257557.0,2747.0,1360163.0,21.0,25448.0,232613.0,28444844,3717.0,1735241,2408.0,1344949.0,6.0,25269.0,133148.0
2021-08-31,Los Angeles,County,10257557.0,2462.0,1362625.0,25.0,25473.0,205126.0,28649970,3280.0,1738521,1737.0,1346686.0,34.0,25303.0,129391.0
2021-09-01,Los Angeles,County,10257557.0,2592.0,1365217.0,31.0,25504.0,230424.0,28880394,3337.0,1741858,1903.0,1348589.0,38.0,25341.0,103741.0
2021-09-02,Los Angeles,County,10257557.0,2267.0,1367484.0,46.0,25550.0,216452.0,29096846,3154.0,1745012,2516.0,1351105.0,41.0,25382.0,116466.0
2021-09-03,Los Angeles,County,10257557.0,1857.0,1369341.0,33.0,25583.0,90555.0,29187401,2496.0,1747508,80.0,1351185.0,2.0,25384.0,141473.0
2021-09-04,Los Angeles,County,10257557.0,1330.0,1370671.0,28.0,25611.0,37300.0,29224701,1753.0,1749261,4449.0,1355634.0,70.0,25454.0,160120.0
2021-09-05,Los Angeles,County,10257557.0,957.0,1371628.0,37.0,25648.0,23221.0,29247922,851.0,1750112,2114.0,1357748.0,11.0,25465.0,123109.0
2021-09-06,Los Angeles,County,10257557.0,1295.0,1372923.0,31.0,25679.0,35417.0,29283339,1429.0,1751541,1600.0,1359348.0,12.0,25477.0,188119.0
2021-09-07,Los Angeles,County,10257557.0,2375.0,1375298.0,32.0,25711.0,161011.0,29444350,3267.0,1754808,1059.0,1360407.0,9.0,25486.0,119792.0
2021-09-08,Los Angeles,County,10257557.0,2231.0,1377529.0,25.0,25736.0,245884.0,29690234,2923.0,1757731,1622.0,1362029.0,47.0,25533.0,113540.0
2021-09-09,Los Angeles,County,10257557.0,2071.0,1379600.0,32.0,25768.0,230977.0,29921211,2826.0,1760557,1706.0,1363735.0,50.0,25583.0,98167.0
2021-09-10,Los Angeles,County,10257557.0,1868.0,1381468.0,25.0,25793.0,193253.0,30114464,2664.0,1763221,1974.0,1365709.0,47.0,25630.0,198430.0
2021-09-11,Los Angeles,County,10257557.0,1204.0,1382672.0,24.0,25817.0,41392.0,30155856,1566.0,1764787,122.0,1365831.0,0.0,25630.0,12486.0
2021-09-12,Los Angeles,County,10257557.0,973.0,1383645.0,20.0,25837.0,24859.0,30180715,879.0,1765666,137.0,1365968.0,0.0,25630.0,13734.0
2021-09-13,Los Angeles,County,10257557.0,2059.0,1385704.0,20.0,25857.0,240517.0,30421232,2770.0,1768436,5455.0,1371423.0,73.0,25703.0,8812.0
2021-09-14,Los Angeles,County,10257557.0,1864.0,1387568.0,20.0,25877.0,211753.0,30632985,2409.0,1770845,1408.0,1372831.0,26.0,25729.0,652567.0
2021-09-15,Los Angeles,County,10257557.0,1837.0,1389405.0,19.0,25896.0,230461.0,30863446,2350.0,1773195,1476.0,1374307.0,38.0,25767.0,121406.0
2021-09-16,Los Angeles,County,10257557.0,1503.0,1390908.0,24.0,25920.0,97480.0,30960926,1969.0,1775164,1970.0,1376277.0,29.0,25796.0,141985.0
2021-09-17,Los Angeles,County,10257557.0,1392.0,1392300.0,23.0,25943.0,183949.0,31144875,1998.0,1777162,1628.0,1377905.0,24.0,25820.0,168125.0
2021-09-18,Los Angeles,County,10257557.0,979.0,1393279.0,29.0,25972.0,37820.0,31182695,1267.0,1778429,1975.0,1379880.0,29.0,25849.0,178199.0
2021-09-19,Los Angeles,County,10257557.0,763.0,1394042.0,16.0,25988.0,23994.0,31206689,714.0,1779143,1320.0,1381200.0,3.0,25852.0,192445.0
2021-09-20,Los Angeles,County,10257557.0,1980.0,1396022.0,24.0,26012.0,210560.0,31417249,2445.0,1781588,1006.0,1382206.0,6.0,25858.0,154225.0
2021-09-21,Los Angeles,County,10257557.0,1523.0,1397545.0,25.0,26037.0,194055.0,31611304,2100.0,1783688,1071.0,1383277.0,35.0,25893.0,113388.0
2021-09-22,Los Angeles,County,10257557.0,1456.0,1399001.0,28.0,26065.0,209074.0,31820378,1950.0,1785638,1442.0,1384719.0,37.0,25930.0,55910.0
2021-09-23,Los Angeles,County,10257557.0,1323.0,1400324.0,19.0,26084.0,210927.0,32031305,1840.0,1787478,1698.0,1386417.0,34.0,25964.0,125246.0
2021-09-24,Los Angeles,County,10257557.0,1197.0,1401521.0,24.0,26108.0,180002.0,32211307,1767.0,1789245,0.0,1386417.0,0.0,25964.0,
2021-09-25,Los Angeles,County,10257557.0,887.0,1402408.0,25.0,26133.0,35470.0,32246777,1192.0,1790437,0.0,1386417.0,0.0,25964.0,
2021-09-26,Los Angeles,County,10257557.0,710.0,1403118.0,17.0,26150.0,22057.0,32268834,736.0,1791173,4160.0,1390577.0,71.0,26035.0,511716.0
2021-09-27,Los Angeles,County,10257557.0,1490.0,1404608.0,18.0,26168.0,221734.0,32490568,1920.0,1793093,961.0,1391538.0,5.0,26040.0,161869.0
2021-09-28,Los Angeles,County,10257557.0,1337.0,1405945.0,18.0,26186.0,194298.0,32684866,1683.0,1794776,907.0,1392445.0,28.0,26068.0,119491.0
2021-09-29,Los Angeles,County,10257557.0,1290.0,1407235.0,20.0,26206.0,217090.0,32901956,1729.0,1796505,1172.0,1393617.0,30.0,26098.0,75237.0
2021-09-30,Los Angeles,County,10257557.0,1220.0,1408455.0,12.0,26218.0,211157.0,33113113,1639.0,1798144,1453.0,1395070.0,28.0,26126.0,126665.0
2021-10-01,Los Angeles,County,10257557.0,1208.0,1409663.0,20.0,26238.0,178904.0,33292017,1612.0,1799756,0.0,1395070.0,0.0,26126.0,
2021-10-02,Los Angeles,County,10257557.0,764.0,1410427.0,26.0,26264.0,33100.0,33325117,949.0,1800705,0.0,1395070.0,0.0,26126.0,
2021-10-03,Los Angeles,County,10257557.0,612.0,1411039.0,15.0,26279.0,21583.0,33346700,593.0,1801298,3720.0,1398790.0,53.0,26179.0,460142.0
2021-10-04,Los Angeles,County,10257557.0,1262.0,1412301.0,16.0,26295.0,216605.0,33563305,1671.0,1802969,814.0,1399604.0,7.0,26186.0,127880.0
2021-10-05,Los Angeles,County,10257557.0,1119.0,1413420.0,22.0,26317.0,179083.0,33742388,1525.0,1804494,696.0,1400300.0,37.0,26223.0,5142.0
2021-10-06,Los Angeles,County,10257557.0,1142.0,1414562.0,17.0,26334.0,204686.0,33947074,1497.0,1805991,1375.0,1401675.0,29.0,26252.0,9455.0
2021-10-07,Los Angeles,County,10257557.0,956.0,1415518.0,20.0,26354.0,195558.0,34142632,1382.0,1807373,1135.0,1402810.0,28.0,26280.0,383095.0
2021-10-08,Los Angeles,County,10257557.0,956.0,1416474.0,20.0,26374.0,178308.0,34320940,1415.0,1808788,0.0,1402810.0,0.0,26280.0,
2021-10-09,Los Angeles,County,10257557.0,660.0,1417134.0,7.0,26381.0,31948.0,34352888,915.0,1809703,0.0,1402810.0,0.0,26280.0,
2021-10-10,Los Angeles,County,10257557.0,589.0,1417723.0,9.0,26390.0,21871.0,34374759,530.0,1810233,3224.0,1406034.0,58.0,26338.0,533113.0
2021-10-11,Los Angeles,County,10257557.0,1188.0,1418911.0,13.0,26403.0,212984.0,34587743,1515.0,1811748,792.0,1406826.0,8.0,26346.0,167263.0
2021-10-12,Los Angeles,County,10257557.0,1047.0,1419958.0,17.0,26420.0,199559.0,34787302,1395.0,1813143,636.0,1407462.0,16.0,26362.0,113567.0
2021-10-13,Los Angeles,County,10257557.0,1060.0,1421018.0,12.0,26432.0,202054.0,34989356,1433.0,1814576,922.0,1408384.0,17.0,26379.0,114177.0
2021-10-14,Los Angeles,County,10257557.0,1053.0,1422071.0,15.0,26447.0,203903.0,35193259,1416.0,1815992,1034.0,1409418.0,19.0,26398.0,141737.0
2021-10-15,Los Angeles,County,10257557.0,992.0,1423063.0,11.0,26458.0,178201.0,35371460,1369.0,1817361,0.0,1409418.0,0.0,26398.0,
2021-10-16,Los Angeles,County,10257557.0,693.0,1423756.0,23.0,26481.0,32238.0,35403698,803.0,1818164,0.0,1409418.0,0.0,26398.0,
2021-10-17,Los Angeles,County,10257557.0,656.0,1424412.0,15.0,26496.0,22072.0,35425770,573.0,1818737,2953.0,1412371.0,45.0,26443.0,774242.0
2021-10-18,Los Angeles,County,10257557.0,1339.0,1425751.0,11.0,26507.0,217747.0,35643517,1651.0,1820388,920.0,1413291.0,3.0,26446.0,198409.0
2021-10-19,Los Angeles,County,10257557.0,1244.0,1426995.0,9.0,26516.0,193832.0,35837349,1420.0,1821808,591.0,1413882.0,27.0,26473.0,111723.0
2021-10-20,Los Angeles,County,10257557.0,1248.0,1428243.0,10.0,26526.0,215247.0,36052596,1562.0,1823370,1049.0,1414931.0,33.0,26506.0,47982.0
2021-10-21,Los Angeles,County,10257557.0,1120.0,1429363.0,15.0,26541.0,208990.0,36261586,1500.0,1824870,988.0,1415919.0,21.0,26527.0,148166.0
2021-10-22,Los Angeles,County,10257557.0,1119.0,1430482.0,13.0,26554.0,171370.0,36432956,1485.0,1826355,0.0,1415919.0,0.0,26527.0,
2021-10-23,Los Angeles,County,10257557.0,764.0,1431246.0,13.0,26567.0,30927.0,36463883,918.0,1827273,0.0,1415919.0,0.0,26527.0,
2021-10-24,Los Angeles,County,10257557.0,681.0,1431927.0,13.0,26580.0,20067.0,36483950,643.0,1827916,0.0,1415919.0,0.0,26527.0,434569.0
2021-10-25,Los Angeles,County,10257557.0,1435.0,1433362.0,12.0,26592.0,197762.0,36681712,1754.0,1829670,5142.0,1421061.0,52.0,26579.0,691937.0
2021-10-26,Los Angeles,County,10257557.0,1355.0,1434717.0,13.0,26605.0,201025.0,36882737,1732.0,1831402,734.0,1421795.0,20.0,26599.0,50917.0
2021-10-27,Los Angeles,County,10257557.0,1342.0,1436059.0,12.0,26617.0,213722.0,37096459,1771.0,1833173,820.0,1422615.0,5.0,26604.0,47896.0
2021-10-28,Los Angeles,County,10257557.0,1229.0,1437288.0,15.0,26632.0,203998.0,37300457,1592.0,1834765,1642.0,1424257.0,21.0,26625.0,84398.0
2021-10-29,Los Angeles,County,10257557.0,1139.0,1438427.0,11.0,26643.0,155690.0,37456147,1574.0,1836339,0.0,1424257.0,0.0,26625.0,
2021-10-30,Los Angeles,County,10257557.0,839.0,1439266.0,14.0,26657.0,31573.0,37487720,1080.0,1837419,0.0,1424257.0,0.0,26625.0,
2021-10-31,Los Angeles,County,10257557.0,723.0,1439989.0,12.0,26669.0,20252.0,37507972,661.0,1838080,3676.0,1427933.0,-151.0,26474.0,640888.0
2021-11-01,Los Angeles,County,10257557.0,1552.0,1441541.0,14.0,26683.0,214022.0,37721994,1893.0,1839973,958.0,1428891.0,9.0,26483.0,198590.0
2021-11-02,Los Angeles,County,10257557.0,1384.0,1442925.0,14.0,26697.0,193581.0,37915575,1670.0,1841643,710.0,1429601.0,13.0,26496.0,102779.0
2021-11-03,Los Angeles,County,10257557.0,1447.0,1444372.0,11.0,26708.0,217520.0,38133095,1883.0,1843526,1608.0,1431209.0,21.0,26517.0,34456.0
2021-11-04,Los Angeles,County,10257557.0,1354.0,1445726.0,16.0,26724.0,208334.0,38341429,1803.0,1845329,1872.0,1433081.0,16.0,26533.0,90356.0
2021-11-05,Los Angeles,County,10257557.0,1319.0,1447045.0,16.0,26740.0,183121.0,38524550,1739.0,1847068,0.0,1433081.0,0.0,26533.0,
2021-11-06,Los Angeles,County,10257557.0,822.0,1447867.0,12.0,26752.0,34390.0,38558940,1021.0,1848089,0.0,1433081.0,0.0,26533.0,
2021-11-07,Los Angeles,County,10257557.0,771.0,1448638.0,14.0,26766.0,133419.0,38692359,788.0,1848877,4233.0,1437314.0,40.0,26573.0,545654.0
2021-11-08,Los Angeles,County,10257557.0,1494.0,1450132.0,11.0,26777.0,219660.0,38912019,1944.0,1850821,1008.0,1438322.0,2.0,26575.0,169617.0
2021-11-09,Los Angeles,County,10257557.0,1346.0,1451478.0,19.0,26796.0,237542.0,39149561,1752.0,1852573,803.0,1439125.0,6.0,26581.0,83365.0
2021-11-10,Los Angeles,County,10257557.0,1262.0,1452740.0,20.0,26816.0,136873.0,39286434,1708.0,1854281,1311.0,1440436.0,33.0,26614.0,69942.0
2021-11-11,Los Angeles,County,10257557.0,950.0,1453690.0,16.0,26832.0,170468.0,39456902,1310.0,1855591,0.0,1440436.0,0.0,26614.0,
2021-11-12,Los Angeles,County,10257557.0,1095.0,1454785.0,13.0,26845.0,94422.0,39551324,1579.0,1857170,2652.0,1443088.0,35.0,26649.0,464898.0
2021-11-13,Los Angeles,County,10257557.0,727.0,1455512.0,12.0,26857.0,31718.0,39583042,974.0,1858144,0.0,1443088.0,0.0,26649.0,
2021-11-14,Los Angeles,County,10257557.0,655.0,1456167.0,15.0,26872.0,122125.0,39705167,688.0,1858832,2196.0,1445284.0,18.0,26667.0,466970.0
2021-11-15,Los Angeles,County,10257557.0,1367.0,1457534.0,21.0,26893.0,203293.0,39908460,1769.0,1860601,830.0,1446114.0,10.0,26677.0,166001.0
2021-11-16,Los Angeles,County,10257557.0,1190.0,1458724.0,8.0,26901.0,226253.0,40134713,1500.0,1862101,701.0,1446815.0,26.0,26703.0,69027.0
2021-11-17,Los Angeles,County,10257557.0,1174.0,1459898.0,12.0,26913.0,213569.0,40348282,1628.0,1863729,1132.0,1447947.0,18.0,26721.0,36658.0
2021-11-18,Los Angeles,County,10257557.0,1100.0,1460998.0,11.0,26924.0,189040.0,40537322,1540.0,1865269,1016.0,1448963.0,20.0,26741.0,182340.0
2021-11-19,Los Angeles,County,10257557.0,990.0,1461988.0,11.0,26935.0,81233.0,40618555,1422.0,1866691,0.0,1448963.0,0.0,26741.0,
2021-11-20,Los Angeles,County,10257557.0,690.0,1462678.0,10.0,26945.0,29581.0,40648136,900.0,1867591,0.0,1448963.0,0.0,26741.0,
2021-11-21,Los Angeles,County,10257557.0,620.0,1463298.0,12.0,26957.0,29872.0,40678008,619.0,1868210,4218.0,1453181.0,52.0,26793.0,616618.0
2021-11-22,Los Angeles,County,10257557.0,1067.0,1464365.0,12.0,26969.0,101713.0,40779721,1421.0,1869631,764.0,1453945.0,7.0,26800.0,
2021-11-23,Los Angeles,County,10257557.0,1065.0,1465430.0,26.0,26995.0,81460.0,40861181,1423.0,1871054,550.0,1454495.0,17.0,26817.0,256429.0
2021-11-24,Los Angeles,County,10257557.0,1011.0,1466441.0,13.0,27008.0,58427.0,40919608,1402.0,1872456,0.0,1454495.0,0.0,26817.0,
2021-11-25,Los Angeles,County,10257557.0,485.0,1466926.0,15.0,27023.0,8556.0,40928164,266.0,1872722,0.0,1454495.0,0.0,26817.0,
2021-11-26,Los Angeles,County,10257557.0,970.0,1467896.0,12.0,27035.0,39695.0,40967859,1223.0,1873945,0.0,1454495.0,0.0,26817.0,
2021-11-27,Los Angeles,County,10257557.0,848.0,1468744.0,11.0,27046.0,34980.0,41002839,1043.0,1874988,0.0,1454495.0,0.0,26817.0,
2021-11-28,Los Angeles,County,10257557.0,1006.0,1469750.0,15.0,27061.0,130319.0,41133158,739.0,1875727,4151.0,1458646.0,61.0,26878.0,285934.0
2021-11-29,Los Angeles,County,10257557.0,2172.0,1471922.0,20.0,27081.0,241145.0,41374303,2491.0,1878218,800.0,1459446.0,11.0,26889.0,29226.0
2021-11-30,Los Angeles,County,10257557.0,1849.0,1473771.0,17.0,27098.0,234606.0,41608909,2192.0,1880410,731.0,1460177.0,24.0,26913.0,42994.0
2021-12-01,Los Angeles,County,10257557.0,1802.0,1475573.0,20.0,27118.0,220733.0,41829642,2137.0,1882547,1217.0,1461394.0,15.0,26928.0,38811.0
2021-12-02,Los Angeles,County,10257557.0,1591.0,1477164.0,15.0,27133.0,197415.0,42027057,2138.0,1884685,1876.0,1463270.0,24.0,26952.0,169389.0
2021-12-03,Los Angeles,County,10257557.0,1522.0,1478686.0,13.0,27146.0,88898.0,42115955,2014.0,1886699,0.0,1463270.0,0.0,26952.0,
2021-12-04,Los Angeles,County,10257557.0,947.0,1479633.0,9.0,27155.0,36421.0,42152376,1208.0,1887907,0.0,1463270.0,0.0,26952.0,
2021-12-05,Los Angeles,County,10257557.0,876.0,1480509.0,11.0,27166.0,126011.0,42278387,872.0,1888779,5667.0,1468937.0,39.0,26991.0,703771.0
2021-12-06,Los Angeles,County,10257557.0,1851.0,1482360.0,9.0,27175.0,206748.0,42485135,2396.0,1891175,1122.0,1470059.0,2.0,26993.0,200340.0
2021-12-07,Los Angeles,County,10257557.0,1663.0,1484023.0,13.0,27188.0,234232.0,42719367,2115.0,1893290,845.0,1470904.0,14.0,27007.0,95879.0
2021-12-08,Los Angeles,County,10257557.0,1778.0,1485801.0,10.0,27198.0,217858.0,42937225,2265.0,1895555,1506.0,1472410.0,11.0,27018.0,4070.0
2021-12-09,Los Angeles,County,10257557.0,1547.0,1487348.0,15.0,27213.0,190331.0,43127556,2042.0,1897597,1620.0,1474030.0,13.0,27031.0,165693.0
2021-12-10,Los Angeles,County,10257557.0,1540.0,1488888.0,8.0,27221.0,89212.0,43216768,2036.0,1899633,0.0,1474030.0,0.0,27031.0,
2021-12-11,Los Angeles,County,10257557.0,1087.0,1489975.0,20.0,27241.0,37381.0,43254149,1398.0,1901031,0.0,1474030.0,0.0,27031.0,
2021-12-12,Los Angeles,County,10257557.0,1215.0,1491190.0,12.0,27253.0,90768.0,43344917,975.0,1902006,5024.0,1479054.0,43.0,27074.0,647185.0
2021-12-13,Los Angeles,County,10257557.0,2914.0,1494104.0,15.0,27268.0,180182.0,43525099,2825.0,1904831,1141.0,1480195.0,11.0,27085.0,184974.0
2021-12-14,Los Angeles,County,10257557.0,2784.0,1496888.0,10.0,27278.0,176032.0,43701131,2634.0,1907465,936.0,1481131.0,14.0,27099.0,66131.0
2021-12-15,Los Angeles,County,10257557.0,3670.0,1500558.0,19.0,27297.0,222573.0,43923704,4261.0,1911726,1604.0,1482735.0,17.0,27116.0,39215.0
2021-12-16,Los Angeles,County,10257557.0,3899.0,1504457.0,15.0,27312.0,199344.0,44123048,4663.0,1916389,2105.0,1484840.0,19.0,27135.0,152838.0
2021-12-17,Los Angeles,County,10257557.0,4217.0,1508674.0,18.0,27330.0,167556.0,44290604,4871.0,1921260,0.0,1484840.0,0.0,27135.0,
2021-12-18,Los Angeles,County,10257557.0,3942.0,1512616.0,13.0,27343.0,51032.0,44341636,4175.0,1925435,0.0,1484840.0,0.0,27135.0,
2021-12-19,Los Angeles,County,10257557.0,4098.0,1516714.0,19.0,27362.0,40343.0,44381979,3481.0,1928916,10242.0,1495082.0,54.0,27189.0,630394.0
2021-12-20,Los Angeles,County,10257557.0,9008.0,1525722.0,13.0,27375.0,128688.0,44510667,9549.0,1938465,169.0,1495251.0,-1.0,27188.0,170585.0
2021-12-21,Los Angeles,County,10257557.0,11485.0,1537207.0,13.0,27388.0,134557.0,44645224,13097.0,1951562,5918.0,1501169.0,32.0,27220.0,4062.0
2021-12-22,Los Angeles,County,10257557.0,13905.0,1551112.0,14.0,27402.0,149483.0,44794707,16468.0,1968030,5941.0,1507110.0,14.0,27234.0,115292.0
2021-12-23,Los Angeles,County,10257557.0,13558.0,1564670.0,21.0,27423.0,124050.0,44918757,16340.0,1984370,8359.0,1515469.0,23.0,27257.0,96656.0
2021-12-24,Los Angeles,County,10257557.0,9552.0,1574222.0,13.0,27436.0,65840.0,44984597,10116.0,1994486,0.0,1515469.0,0.0,27257.0,
2021-12-25,Los Angeles,County,10257557.0,4879.0,1579101.0,16.0,27452.0,17210.0,45001807,3473.0,1997959,0.0,1515469.0,0.0,27257.0,
2021-12-26,Los Angeles,County,10257557.0,12825.0,1591926.0,14.0,27466.0,64552.0,45066359,12561.0,2010520,0.0,1515469.0,0.0,27257.0,
2021-12-27,Los Angeles,County,10257557.0,29872.0,1621798.0,24.0,27490.0,161948.0,45228307,32680.0,2043200,38605.0,1554074.0,43.0,27300.0,439556.0
2021-12-28,Los Angeles,County,10257557.0,36345.0,1658143.0,19.0,27509.0,187871.0,45416178,41441.0,2084641,7717.0,1561791.0,23.0,27323.0,51040.0
2021-12-29,Los Angeles,County,10257557.0,32272.0,1690415.0,18.0,27527.0,178774.0,45594952,39662.0,2124303,14623.0,1576414.0,26.0,27349.0,9747.0
2021-12-30,Los Angeles,County,10257557.0,30017.0,1720432.0,16.0,27543.0,165152.0,45760104,36395.0,2160698,19709.0,1596123.0,22.0,27371.0,139229.0
2021-12-31,Los Angeles,County,10257557.0,23316.0,1743748.0,19.0,27562.0,113873.0,45873977,27177.0,2187875,0.0,1596123.0,0.0,27371.0,
